First Name,Last Name,linkedin_name,LinkedIn
Patrick OÌ¢åÛåªMalley,Patrick O'Malley,https://www.linkedin.com/in/patrick-o-malley-a70406b4,Search_By_Company
Tyler Orion,Tyler Orion,https://www.linkedin.com/in/tyler-orion-406a,Search_By_Company
Dermot O'Shea,Dermot O'Shea,https://www.linkedin.com/in/dermotoshea,Search_By_Company
Peter Pallai,Peter Pallai,https://www.linkedin.com/in/peter-pallai-7801844,Search_By_Company
Kristian Peter,". ツ Ross Gagne, MBA -",https://ca.linkedin.com/in/rossgagne,Search_By_Type
Peter Polgar,Peter Simon,https://hu.linkedin.com/in/peter-simon-37334029,Search_By_Type
Shane Poppen,Shane Poppen,https://www.linkedin.com/in/shanepoppen,Search_By_Company
Mark Pretorius,Mark Pretorius,https://www.linkedin.com/in/mpretorius,Search_By_Company
Kristen Rein,Kristen Rein,https://www.linkedin.com/in/kristenswoboda,Search_By_Company
JP Roach,J.P. Roach,https://www.linkedin.com/in/jproach,Search_By_Company
Holger Roehl,Holger Roehl,https://de.linkedin.com/in/holger-roehl-4511564a,Search_By_Type
Gwen Rosenberg,Samantha Rosenberg,https://www.linkedin.com/in/samantha-rosenberg-739ab052,Search_By_Company
Christopher Rowan,Christopher Rowan,https://www.linkedin.com/in/christopher-rowan-31a1aa,Search_By_Company
Allen RUSZKOWSKI,Allen Ruszkowski,https://www.linkedin.com/in/allen-ruszkowski-2805222,Search_By_Company
Steve Saars,Steve Saars,https://www.linkedin.com/in/stevesaars,Search_By_Company
Christian Salaman,Christian Salaman,https://www.linkedin.com/in/christiansalaman,Search_By_Company
Jack Scatizzi,Jack Scatizzi,https://www.linkedin.com/in/jackscatizzi,Search_By_Company
Bernhard Schroeder,Bernie Schroeder,https://www.linkedin.com/in/bernie-schroeder-694a36,Search_By_Type
Neil Senturia,Neil Senturia,https://www.linkedin.com/in/neilsenturia,Search_By_Company
Peter Shaw,Peter Shaw,https://www.linkedin.com/in/shawjpeter,Search_By_Company
Joseph Smith,"Joseph (Joe) Smith, MD, PhD",https://www.linkedin.com/in/epdocsmith,Search_By_Company
Randy Socol,Randy Socol,https://www.linkedin.com/in/randy-socol-bbab5b1,Search_By_Company
Mike Stanicek,Mike Stanicek,https://www.linkedin.com/in/mstanicek,Search_By_Company
Jason Stirling,Jason Stirling,https://www.linkedin.com/in/jason-stirling-74babb7,Search_By_Company
Pete Tenereillo,Pete Tenereillo,https://www.linkedin.com/in/tenereillo,Search_By_Company
Chase Thomet,Chase Thomet,https://www.linkedin.com/in/chase-thomet-1b615611,Search_By_Company
Robert Thompson,Robert Thompson,https://www.linkedin.com/in/robert-thompson-2973b018,Search_By_Company
Robert Thompson,Robert Thompson,https://www.linkedin.com/in/robert-thompson-2973b018,Search_By_Company
M. David Titus,". ツ Ross Gagne, MBA -",https://ca.linkedin.com/in/rossgagne,Search_By_Type
David Turner,David Turner,https://www.linkedin.com/in/davidwturnerjr,Search_By_Company
Joseph Unger,Joe Unger,https://www.linkedin.com/in/josephunger,Search_By_Company
Vlado Vucicevic,Vlado Vucicevic,https://www.linkedin.com/in/vlado-vucicevic-0b85ab8,Search_By_Company
Richard Walker,Richard Walker,https://www.linkedin.com/in/richard-walker-9424352,Search_By_Company
Mark Wilson,Mark S. Wilson,https://www.linkedin.com/in/marksumanwilson,Search_By_Company
Rebekah Gibson,Rebekah Gibson,https://www.linkedin.com/in/rebekah-gibson-3a56029,Search_By_Company
Shannon Conway,Shannon Conway,https://www.linkedin.com/in/shannon-conway-7b05008,Search_By_Company
Ralph Hemphill,Ralph Hemphill,https://www.linkedin.com/in/ralphhemphill,Search_By_Company
John Fair,John Fair,https://www.linkedin.com/in/john-fair-b61703b3,Search_By_Type
Stephen Gray,Stephen Gray,https://www.linkedin.com/in/stephen-gray-19b3024,Search_By_Company
Brian Lam,Brian Lam,https://www.linkedin.com/in/brianhlam,Search_By_Company
Kevin Morse,Kevin Morse,https://www.linkedin.com/in/kevinlmorse,Search_By_Company
Nick Tait,Nicholas Tait,https://www.linkedin.com/in/nicholas-tait-a7147819,Search_By_Company
Richard Kuntz,Richard Kuntz,https://www.linkedin.com/in/richardkuntz,Search_By_Company
Bernard Parker,Bernard Parker,https://www.linkedin.com/in/gamerindepth,Search_By_Type
Lee Barken,,,Anomaly occur. Double check manually.
Peter Drees,Peter Drees,https://www.linkedin.com/in/peter-drees-b38b213,Search_By_Company
Joy Goffin,Joy Goffin,https://www.linkedin.com/in/joy-goffin-17981ab,Search_By_Company
Erik Rannala,Erik Rannala,https://www.linkedin.com/in/erikrannala,Search_By_Company
Anand Mehra,Anand Mehra,https://www.linkedin.com/in/anandmehra,Search_By_Type
Brian Wilcove,Brian Wilcove,https://www.linkedin.com/in/brianwilcove,Search_By_Company
Alden Reynoso,"Alden Reynoso, M.S., PHR",https://www.linkedin.com/in/aldenreynoso,Search_By_Company
